sku,dealer,premium_usd,availability,url,verified_at
ase,jm,3.85,in_stock,https://www.jmbullion.com/american-silver-eagle-varied-year/,2026-10-02T20:15:00Z
ase,sd,7.18,in_stock,https://sdbullion.com/1-oz-american-silver-eagle-coins-random-year,2026-10-02T19:35:23Z
ase,apmex,9.00,in_stock,https://www.apmex.com/product/23331/1-oz-american-silver-eagle-coin-bu-random-year,2026-10-02T19:35:23Z
ase,money_metals,9.78,in_stock,https://www.awin1.com/cread.php?awinmid=88985&awinaffid=3101466&clickref=ase&ued=https%3A%2F%2Fwww.moneymetals.com%2F1-oz-american-silver-eagle-random-year%2F262,2026-10-02T20:15:00Z
ase,monument,6.03,in_stock,https://monumentmetals.com/1-oz-american-silver-eagle-bu-dates-our-choice.html,2026-10-02T19:35:23Z
ase,bgasc,14.45,in_stock,https://www.bgasc.com/product/1-oz-american-silver-eagle-coins-random-year,2026-10-02T20:15:00Z
silver_maple,jm,11.75,in_stock,https://www.jmbullion.com/canadian-silver-maple-leaf-varied-year/,2026-10-02T20:15:00Z
silver_maple,sd,5.14,in_stock,https://sdbullion.com/canadian-silver-maple-leaf-coin-random-year,2026-10-02T19:35:23Z
silver_maple,apmex,6.02,in_stock,https://www.apmex.com/product/1090/1-oz-canadian-silver-maple-leaf-coin-bu-random-year,2026-10-02T19:35:23Z
silver_maple,money_metals,10.70,in_stock,https://www.awin1.com/cread.php?awinmid=88985&awinaffid=3101466&clickref=silver_maple&ued=https%3A%2F%2Fwww.moneymetals.com%2Fcanadian-maple-leaf-king-charles-iii-1-troy-oz-silver-9999-pure%2F1018,2026-10-02T20:15:00Z
silver_maple,monument,4.63,in_stock,https://monumentmetals.com/random-date-silver-maple-leaf.html,2026-10-02T19:35:23Z
silver_maple,bgasc,9.25,in_stock,https://www.bgasc.com/product/1-oz-canadian-silver-maple-leaf-coin-random-year,2026-10-02T20:15:00Z
oz1_bar,jm,10.75,in_stock,https://www.jmbullion.com/1-oz-silver-bar/,2026-10-02T20:15:00Z
oz1_bar,sd,5.17,in_stock,https://sdbullion.com/generic-1-oz-silver-bar-999-fine-silver,2026-10-02T19:35:23Z
oz1_bar,apmex,6.02,in_stock,https://www.apmex.com/product/27086/1-oz-silver-bar-apmex,2026-10-02T19:35:23Z
oz1_bar,money_metals,6.98,in_stock,https://www.awin1.com/cread.php?awinmid=88985&awinaffid=3101466&clickref=oz1_bar&ued=https%3A%2F%2Fwww.moneymetals.com%2F1-oz-generic-silver-bar%2F153,2026-10-02T20:15:00Z
oz1_bar,monument,3.13,in_stock,https://monumentmetals.com/secondary-market-1-oz-silver-bar-999-fine.html,2026-10-02T19:35:23Z
oz1_bar,bgasc,9.25,in_stock,https://www.bgasc.com/product/1-oz-silver-bars-secondary-market-random-assorted,2026-10-02T20:15:00Z
gold_eagle,jm,127.82,in_stock,https://www.jmbullion.com/1-oz-american-gold-eagle/,2026-10-02T20:15:00Z
gold_eagle,sd,127.85,in_stock,https://sdbullion.com/1-oz-american-gold-eagle-coin-random-year-bu,2026-10-02T19:35:23Z
gold_eagle,apmex,220.59,in_stock,https://www.apmex.com/product/1/1-oz-american-gold-eagle-coin-bu-random-year,2026-10-02T19:35:23Z
gold_eagle,money_metals,211.35,in_stock,https://www.awin1.com/cread.php?awinmid=88985&awinaffid=3101466&clickref=gold_eagle&ued=https%3A%2F%2Fwww.moneymetals.com%2F1-oz-american-gold-eagle-coin-type-2%2F954,2026-10-02T20:15:00Z
gold_eagle,monument,134.76,in_stock,https://monumentmetals.com/random-date-1oz-gold-eagle.html,2026-10-02T19:35:23Z
gold_eagle,bgasc,192.84,in_stock,https://www.bgasc.com/product/1-oz-american-gold-eagle-coin-ry,2026-10-02T20:15:00Z
